{"rvecs": [[[-1.2893452778483256], [-1.1068223000061723], [-1.1100620365031992]], [[-1.289114083799797], [-1.1062029368449862], [-1.106292111110409]], [[-1.354985235296114], [-1.0476414092498332], [-1.185294405152882]], [[1.1966849350230495], [1.1458961169570234], [-1.0710712098293231]], [[-1.2891005713754027], [-1.106158382081708], [-1.1078232812455002]], [[-1.2972623162466992], [-1.097677963733493], [-1.1264827508131932]], [[-1.292093224396373], [-1.1043130675603228], [-1.1120351336832164]], [[-1.4712397495233385], [-0.9474157235373382], [-1.3639020791058072]], [[-1.297011118314192], [-1.0968693157573834], [-1.126166689786583]], [[-1.468108831777189], [-0.9504807890496833], [-1.357225694221897]], [[-1.2818758337867462], [-1.1055825736855507], [-1.0968965372999315]], [[-1.2988101444351667], [-1.0946760123470867], [-1.120313479376332]], [[-1.291656638433979], [-1.09855901671196], [-1.1089222833024803]], [[-1.4665638195458086], [-0.9520059836689612], [-1.356863566261235]], [[-1.2475712614695753], [-1.1307496156891779], [-1.090858485721327]], [[-1.3525371362035687], [-1.0501740254176906], [-1.1821423121756338]], [[-1.2824479413747398], [-1.1042454516251692], [-1.0968732257042635]], [[-1.2270601866359807], [-1.1448505377580893], [-1.0388766006889933]], [[-1.2489073801628439], [-1.1298148424400447], [-1.0921020021089671]], [[-1.2952427196669025], [-1.097172028327151], [-1.1256238522572866]], [[-1.3004133551022221], [-1.0935503804745408], [-1.1273377387650496]], [[-1.2997440129906792], [-1.094029804339166], [-1.127741205535159]], [[-1.2517900801336153], [-1.128212583252465], [-1.0957645841880883]], [[-1.2999917370653555], [-1.091680327916477], [-1.115574315330523]], [[-1.2766011197426093], [-1.1090816282256555], [-1.0874279334911559]], [[-1.2862567806406755], [-1.1085360283477144], [-1.1051244087790513]], [[-1.2990009490778347], [-1.0953660040466096], [-1.1277051437502408]], [[-1.280151882871799], [-1.1087931907640811], [-1.0939598594083513]], [[-1.2511191566643818], [-1.130163253177645], [-1.0964532243728964]], [[-1.300625056794508], [-1.0928435200823357], [-1.127475084923076]], [[-1.2493311172120887], [-1.1365922463459484], [-1.0953760863248887]], [[-1.3530989034996364], [-1.0489973309091973], [-1.1864197197999213]]], "tvecs": [[[-0.45194378106038624], [2.3541983525154317], [167.95912153528886]], [[-0.3292093447625739], [2.388944038988232], [167.95408916907476]], [[1.1334137096624937], [2.746010238124396], [198.11059511257656]], [[-0.23339038700649434], [2.5387902996947354], [198.40553105778446]], [[-0.3431491378984629], [2.372921994319832], [168.776101076184]], [[-0.6807613872659675], [2.1604227117701638], [163.09114935635677]], [[-0.4296181723930514], [2.389960523297797], [168.42060873608668]], [[0.3415052844043598], [3.3726127802106336], [254.5390079829418]], [[-0.6249885781048579], [2.1480258140295856], [166.0454213056051]], [[0.4450027493155535], [3.3528732303833926], [252.6038991231961]], [[0.9453384776893266], [2.630036904549376], [185.8662950896591]], [[0.3528796443380743], [3.0404067842069566], [209.88546053953294]], [[1.6451827664990728], [2.990871545444878], [207.8758072044782]], [[0.48957260384211326], [3.3733764107365944], [253.73908484308365]], [[-1.412536357333579], [1.7552697810292381], [192.43623366587127]], [[1.0280610275403108], [2.7730698009038885], [196.35042568196317]], [[0.9217768157456429], [2.572802487094681], [185.96214032695178]], [[-0.34648352104634894], [2.426932357944371], [193.96005018786278]], [[-1.4074497274136217], [1.7912017534959763], [192.81859277568455]], [[-0.6476007817904268], [2.021328632388065], [165.85826286347765]], [[-0.491535968646676], [2.1589227306759238], [166.77536902549826]], [[-0.5162605427686702], [2.1360316273601425], [166.76898609627776]], [[-1.3964707279361146], [1.8358019556952982], [191.63887934460925]], [[1.2519695945082485], [2.879035672638574], [200.00734177716896]], [[0.33411143133491544], [2.3502801513518388], [172.29495279903267]], [[-0.3755727061944155], [2.3129420336597826], [168.21777578165035]], [[-0.5963342939948034], [2.1714217028526632], [166.45539516007534]], [[1.0133022565259069], [2.8220540825800344], [191.1219944185038]], [[-1.401225905853341], [1.7437941761967548], [181.69432028096873]], [[-0.41723803188169195], [2.1500723626299427], [168.78783240418173]], [[-1.5994615518327826], [2.875122199306585], [217.94266023363372]], [[1.0536539050520717], [2.733304200220507], [204.9601944392918]]]}