{"rvecs": [[[-1.2917828155794764], [-1.1073109258768912], [-1.1014899622615433]], [[-1.291871102426135], [-1.1063835867094507], [-1.098177967308836]], [[-1.3439208069428001], [-1.0605075077158375], [-1.1608789037708376]], [[1.2020036827827552], [1.1417723311883199], [-1.0852412412343218]], [[-1.2917288975777244], [-1.1065016999404165], [-1.0994663288735445]], [[-1.2977419386199065], [-1.100360208072546], [-1.1145726306703656]], [[-1.2941527111804374], [-1.1051143466943523], [-1.1029887485116476]], [[-1.440383659262263], [-0.9833675816215518], [-1.3161239491165502]], [[-1.2976018558150808], [-1.0995446068929842], [-1.114234478991707]], [[-1.4379151967976513], [-0.9854794348223287], [-1.3101629257269625]], [[-1.2859147197897036], [-1.1051799769728319], [-1.0889949083872352]], [[-1.3003161191114991], [-1.096463850635336], [-1.1096040680177728]], [[-1.2935257167024636], [-1.0998891234660197], [-1.098624089216427]], [[-1.4365620494174116], [-0.9868396804148875], [-1.3099694262963162]], [[-1.255608536850989], [-1.1287977392140538], [-1.0862199534947043]], [[-1.342175601326463], [-1.0623456198767667], [-1.1585055321091202]], [[-1.2862001617997774], [-1.1041743639598793], [-1.08881839474426]], [[-1.2418389840209367], [-1.136822066256541], [-1.042799072133517]], [[-1.2567212827737915], [-1.1280305833584192], [-1.087234505791564]], [[-1.2960827103734127], [-1.099772107569958], [-1.1137539649845507]], [[-1.3004831225140545], [-1.0966029855627542], [-1.114922768803564]], [[-1.2998822302714035], [-1.0970721811665518], [-1.1153256533901637]], [[-1.259049944106429], [-1.1268278034776955], [-1.090323988938088]], [[-1.300536961777632], [-1.094114890306354], [-1.1041024531898036]], [[-1.2818449810653967], [-1.107738393305642], [-1.0814829871928746]], [[-1.2892763066870871], [-1.1085354570662251], [-1.097261503819178]], [[-1.3240491358759658], [-1.0759928082831456], [-1.1376848385013074]], [[-1.299264050892841], [-1.0982793728666491], [-1.115450868197633]], [[-1.2851800818639394], [-1.1073636525544577], [-1.0872160826190698]], [[-1.258375304981259], [-1.1286581999557161], [-1.0910624589094555]], [[-1.3006709101874365], [-1.0959537189703936], [-1.1149904747093806]], [[-1.2563740848942375], [-1.135255898759525], [-1.091098104711127]], [[-1.2917626548183492], [-1.104166312305627], [-1.1046672460274498]], [[-1.3426835052266228], [-1.061409702278006], [-1.1622245142587486]]], "tvecs": [[[-0.029750938460030185], [2.4382189589396703], [142.96866374389384]], [[0.0933419749192849], [2.467794823928072], [142.99795819605134]], [[1.623262244910206], [2.8513923888071604], [168.662415744712]], [[0.28837239631834466], [2.7074618651986624], [170.23812948702607]], [[0.08146285619974578], [2.4568831584521926], [143.6897101972932]], [[-0.27225805272555237], [2.262876211689407], [138.79422310477673]], [[-0.0067086232608553065], [2.468863743275761], [143.3538637345111]], [[1.022478768387485], [3.636348992959648], [222.43616629727592]], [[-0.20796752977141658], [2.2632711433622124], [141.36051278473357]], [[1.1195088766233936], [3.608609100569592], [220.4174384251633]], [[1.4128156174910544], [2.722845881502357], [158.37438417407412]], [[0.8797014934977122], [3.1316651640724764], [178.72535100191757]], [[2.1664658475771885], [3.084424540056308], [177.06365513880314]], [[1.1671945710812697], [3.628317478970318], [221.3420082790895]], [[-0.9145185356174548], [2.038951118827516], [164.9255490818136]], [[1.5147000744288586], [2.8686381815920137], [167.19299227774454]], [[1.390137849725844], [2.6763579222847573], [158.46941011843248]], [[0.14884915689175282], [2.5880520971867593], [165.63158352533526]], [[-0.9086779610870476], [2.0690024612861055], [165.23212646654144]], [[-0.22931064856296385], [2.161056250613016], [141.27391018685807]], [[-0.07299649212324574], [2.2747429321527943], [141.96997587690456]], [[-0.09741616512385914], [2.2562821142542946], [141.97814995187522]], [[-0.9014838354021142], [2.1004213512229937], [164.1583691375539]], [[1.7544175674215805], [2.9693008514414623], [170.39094922726292]], [[0.7703643076972322], [2.4537984895713474], [146.89341959668445]], [[0.04825298490813093], [2.4061547726360875], [143.22687968826344]], [[1.0298477659198375], [2.6213434827938], [161.18158060521455]], [[-0.17855016072722918], [2.2835910084590685], [141.70228658486715]], [[1.4942896805301806], [2.8977626053207985], [162.86993638042446]], [[-0.9339214131714262], [1.9909803043542231], [155.47917552969972]], [[0.006759360941412718], [2.27452767164252], [143.70129718370316]], [[-1.0497888429849673], [3.011625868504164], [185.70321682537232]], [[0.13915350837323415], [2.8061441962244102], [163.2443925801943]], [[1.5566003959765748], [2.8612886991353106], [174.3526781609108]]]}