{"mtx": [[14608.59144831024, 0.0, 769.1329280167607], [0.0, 1395.543019163169, 367.7068099871674], [0.0, 0.0, 1.0]], "dist": [[-9.005225373189152, -2649.7832401157834, -1.778026100388004, 0.0643383040854232, 70039.5513112501]]}