{"rvecs": [[[-1.612587505070104], [-0.506868735541752], [-1.6547898948886406]], [[-1.6083634579938644], [-0.5205733643770983], [-1.6461999984065494]], [[-1.9558507249610695], [0.00343730769232734], [-1.973466838510752]], [[-0.3672976365692831], [-1.4642298817806008], [-0.42782775540510387]], [[-1.6080068341924012], [-0.5172036340754385], [-1.6478978031884932]], [[-1.7303251293964261], [-0.25083378419524355], [-1.7933300146698412]], [[-1.6875123852223362], [-0.4291931103650913], [-1.717256851045097]], [[-2.0504444720989725], [0.25173215415305517], [-2.0789019906146438]], [[-1.7269803873141663], [-0.24977128502362045], [-1.7919718502614796]], [[-2.049904864199983], [0.24904442992706208], [-2.0781106195803405]], [[-1.415112854760174], [-0.5867260378644996], [-1.5382120592617663]], [[-1.6666252127316774], [-0.37996302185430036], [-1.7203982442061798]], [[1.7740181701390823], [0.4088890450033624], [-1.7570846418615274]], [[-2.0463472079407703], [0.252219053892255], [-2.0756525305150033]], [[-0.5168424151708235], [-1.2378566915296303], [-0.8924251807924668]], [[-1.947557353564064], [-0.014986331687492162], [-1.965122939647272]], [[-1.3728797825895833], [-0.6162996370706539], [-1.5108726698749149]], [[-0.36292945352311934], [-1.4661548111895575], [-0.42361758997352356]], [[-0.5566195955439277], [-1.2022492939940799], [-0.9360906658754639]], [[-1.7225638860071386], [-0.22933714374279093], [-1.7959405648125486]], [[-1.7368419861619768], [-0.23680900010019007], [-1.8000828969862297]], [[-1.7366358338465224], [-0.23301466010927732], [-1.8008487126314074]], [[-0.6814070368010411], [-1.0851288278637523], [-1.0703102653490733]], [[-1.6404297172353937], [-0.37523310772046686], [-1.7071815482069372]], [[-0.9614812518008832], [-0.9730572763540813], [-1.1799522197448713]], [[-1.5914836607063079], [-0.531006671592156], [-1.6350821957948845]], [[-1.733959079670441], [-0.24192645617175684], [-1.7974541538599114]], [[-1.3526082598887297], [-0.6788892822041349], [-1.4732267780830175]], [[-0.8061627306286137], [-0.9865478075641202], [-1.178226327287645]], [[-1.7378260188185195], [-0.22948027343807342], [-1.8019920628459636]], [[-0.9432064514998831], [-0.9779536779455185], [-1.178579536569812]], [[-1.945706488023159], [0.001709343676450801], [-1.9671632987317402]]], "tvecs": [[[-4.0655529466437805], [-14.425429529118121], [297.3467972338217]], [[-3.9632084710513475], [-13.152280324219841], [300.10589303419215]], [[-1.2099016560669495], [-5.7223048129323635], [120.83643719187715]], [[-2.87812051693496], [-12.018376403295198], [218.90053980111375]], [[-3.98496648398045], [-14.056784956652276], [300.5222402723652]], [[-3.0916080244268374], [-12.416683459421542], [216.00633439634234]], [[-3.5720888227713417], [-11.276105343175276], [268.67140092240703]], [[-0.5465877749083505], [-2.610668667804001], [47.46475256186408]], [[-3.1159263380165325], [-13.18563573209661], [220.92990129707587]], [[-0.5414899202419036], [-2.5727395661610135], [47.49752363537173]], [[-3.790107148707155], [-15.142422288553057], [375.8859350194153]], [[-3.7502879832014884], [-9.289696417314937], [318.11301327072357]], [[-2.635804754418229], [-9.289899668304903], [295.24719311436377]], [[-0.5428568422698372], [-2.6239677602154714], [48.24990410347509]], [[-5.79087150399562], [-32.945226624780815], [298.3161276553617]], [[-1.2983855050165731], [-5.631494544780853], [127.51292974978982]], [[-3.974507337918923], [-18.206490245098347], [389.5321366009197]], [[-2.8916393342432714], [-12.706135072586322], [218.90917388226413]], [[-6.053627417329135], [-34.23139558724803], [323.21681209015003]], [[-3.10391590575184], [-14.705005242047728], [217.52486166659293]], [[-2.998422371010826], [-13.28827207961897], [216.64143848057157]], [[-2.9921759085271824], [-13.33868247106709], [216.28158629249515]], [[-6.64589457357537], [-36.64375236988492], [370.19711398563675]], [[-3.0592671433973857], [-11.896903953183404], [312.9043559183489]], [[-4.724266494101468], [-23.17955260485424], [412.82572799112893]], [[-4.0732478048195695], [-14.704727551309585], [305.5133006919678]], [[-3.0673906102934465], [-12.899717400030909], [217.0898166703437]], [[-4.071401667527343], [-13.19850515128744], [399.17866418976854]], [[-6.69954685749606], [-36.808398589820314], [360.7052661224272]], [[-2.96415985732985], [-13.619826307729825], [218.33914482947526]], [[-7.79404785113694], [-21.78279431626845], [485.0904290938293]], [[-1.3444441952570703], [-6.7910489526288], [129.01984945558905]]]}