{"mtx": [[16331.576432817054, 0.0, 780.4212667639343], [0.0, 1378.9915389559367, 369.888816571999], [0.0, 0.0, 1.0]], "dist": [[-23.641953452333116, -1956.6220337992752, -2.1218253524383677, 0.06504616575015097, 55456.77487892122]]}